[
  {
    "companyName": "travelTip",
    "availableSeats": 20,
    "departureDatetime": "2019-04-30T16:41:41",
    "travelRoute": {
      "destinationLocation": {
        "locationCode": "KLG-MY",
        "locationDesc": "Klang Malaysia"
      },
      "originLocation": {
        "locationCode": "BEN-SG",
        "locationDesc": "Beauna Vista Singapore"
      }
    }
  },
    {
    "companyName": "fastGo",
    "availableSeats": 30,
    "departureDatetime": "2019-04-30T18:41:41",
    "travelRoute": {
      "destinationLocation": {
        "locationCode": "KLG-MY",
        "locationDesc": "Klang Malaysia"
      },
      "originLocation": {
        "locationCode": "BL-SG",
        "locationDesc": "Beauna Vista Singapore"
      }
    }
  }
]